Mai,"Hello Hai Hi Bíchhh, tuôi thuông Bích lấm Bích biết hông hihi. Thật sự từ lúc mình biết nhau tới giờ Bích vẫn luôn như vậy, hỏng thay đổi gì, vẫn là mụt người rất quan tâm mọi người, quan sát, chăm chút cho 7 nụ (hỏng có bỏ sót cái str cụa tui để khoen hết), biết ơn Bích lấm lấm. Nói thì nhanh chứ nhìn lại quảng đường 4 năm tui biết là rất dài, vui bùn có đủ nhưng mà tui mong đó sẽ là những viên gạch để Bích có thể bồi đắp lên thành 1 tòa lâu đàii cho riêng Bích nha. Và bây giờ cho tui la lên thật lớn là CHÚC MỪNG BÍCH ĐÃ TỐT NGHIỆPP NHAAA, gioải thật đấy. Hành trình sắp tới tui mong rằng mọi thứ cũng sẽ iu thương Bích còn nếu hong iu thương thì Bích coi đó là 1 viên gạch nhaa. Vẫn là câu nói cũ của tui là mong Bích sẽ trở thành tất cả những gì mà Bích muốn trong đời. Lần nữa chúc mừng Xuân Bích đã tốt nghiệpppp. ยินดีด้วยนะบิช เรียนจบแล้ว! ขอให้ทุกอย่างหลังจากนี้ราบรื่น งานปัง ๆ เงินเข้าเยอะ ๆ นะ 💖🎓💰"
Vi,"Xà qua đi krap, happy graduation em gái dịu dàng nhứt cái nhóm 7 nụ. Hành trình 4 năm vừa rồi chắc hẳn là nhìu cơ hội mới nhma cũng gặp hong ít khó khăn. Tui mong chặng đường phía trước của em Bích sẽ có nhìu trải nghiệm thật đẹp, sẽ có lúc thăng lúc trầm nhma trộm vía thăng nhìu hơn trầm nhoé. Sẽ là người sống giàu tình cảm như bây giờ, có được job mà mình yêu thích, chăm sóc cho sức khoẻ và lun thật xinkk đẹp và hạnh phúc. 💕🎉"
Quỳnh,"Chúc mừng cô gái xinh đẹp đã chính thức tốt nghiệp nhé! 🌸
Cuối cùng thì mọi cố gắng và những ngày tháng miệt mài cũng đã được đền đáp.
Mong chặng đường phía trước sẽ luôn gặp thật nhiều may mắn, niềm vui và những cơ hội tốt.
Hy vọng lúc nào cũng giữ được nụ cười, sự tự tin và nhiệt huyết như bây giờ.
Chúc mọi dự định đều suôn sẻ, mọi ước mơ đều dần trở thành hiện thực.
Tự hào về cô gái này lắm, luôn hạnh phúc và tỏa sáng nhé! 💐"
Thi,"Hé lô gái Thái của tui. Lần đầu gặp bà, tui nhớ mãi hình ảnh một cô gái thướt tha trong tà áo dài, tóc vừa dài vừa dày – đúng kiểu mái tóc mà đứa tóc xù như tui luôn ao ước, bà cười lên còn nhìn hiền khô nữa chớ. Vậy mà thân rồi mới biết bà khùng cỡ nào. :))) Nhưng cú sốc lớn nhất của tui chắc là lúc bà lên đại học cắt tóc rồi còn nhuộm tóc nữa, nhưng mà hợp với bà lắm nghen. Lúc lên đại học tưởng ít gặp được nhau nhưng tui với bà lại gặp khá thường xuyên á chớ. Chúc mừng Bích đã tốt nghiệp. Mong rằng trên chặng đường sắp tới, bà vẫn sẽ luôn giữ được sự tự tin của bản thân, vẫn dám thử những điều mới. Hy vọng cuộc sống sẽ đối xử thật dịu dàng với bà, còn bà thì sẽ luôn hạnh phúc với những lựa chọn của mình. Mãi yêu."
Khôi,"Chúc mừng ba Bích đã tốt nghiệp thành công nhen!!!! Tôi vẫn còn nhớ những ngày mà Bích ở cùng Khôi, tính ra cũng lâu phết chứ đùa. Thật lòng cảm ơn Bích vì ở bên tui lúc bị đau, mãi mãi không bao giờ quênnnnn, hai bà ở Đà Nẵng đều đã hoàn thành nhiệm vụ hệ thống đầu tiên rồi, còn mỗi Khôi, xin vía từ hai bà nhiều nhen. Chúc Bích sau này con đường sự nghiệp, yêu đương, gia đinh, đu idol đều thuận lợi, vui vẻ, rồi tiến tới nhiệm vụ hệ thống tiếp theo thật dịu keo sánh mịn như ly cà phê lau ra với hai vị đông trùng hạ thảo và nấm linh chi nhoéeeee. Chúc mừng bà Bíchhhhhhhhhhhhh tốt nghiệppppppppppppppppppp!!!!"
Minh,"Chúc mừng Bích đã tốt nghiệp nhaaa. 🎓✨ Vậy là hành trình 4 năm cũng khép lại bằng một cái kết thật đẹp rồi. Mong chặng đường phía trước sẽ mang đến cho Bích thật nhiều cơ hội mới, gặp được những người tốt, làm công việc mình yêu thích và luôn giữ được sự dịu dàng, chân thành như bây giờ. Chúc mọi dự định đều thuận lợi, mọi cố gắng đều được đền đáp và Bích sẽ trở thành phiên bản mà bản thân luôn mong muốn. Tốt nghiệp chỉ là cột mốc đầu tiên thôi, phía trước còn rất nhiều điều tuyệt vời đang chờ Bích. Chúc mừng cô gái xinh đẹp của tụi mình nha! 💖🌷"
